uses	url	alt_text
9	https://upload.wikimedia.org/wikipedia/commons/thumb/9/9f/Antikythera.JPG/960px-Antikythera.JPG	Antikythera's harbor Potamos,Antikythera's harbour Potamos
8	https://upload.wikimedia.org/wikipedia/commons/thumb/6/66/NAMA_Machine_d'Anticyth%C3%A8re_1.jpg/960px-NAMA_Machine_d'Anticyth%C3%A8re_1.jpg	Antikythera mechanism,Buried Treasure
8	https://upload.wikimedia.org/wikipedia/commons/thumb/d/da/Mechanism_of_Antikythera_-_Kotsanas_version_-_front_side.jpg/960px-Mechanism_of_Antikythera_-_Kotsanas_version_-_front_side.jpg	Recreation
4	https://upload.wikimedia.org/wikipedia/commons/thumb/3/3f/Word_vector_illustration.jpg/960px-Word_vector_illustration.jpg	Man - Woman = King - Queen
4	https://upload.wikimedia.org/wikipedia/commons/thumb/5/51/Full_GPT_architecture.svg/960px-Full_GPT_architecture.svg	GPT
4	https://upload.wikimedia.org/wikipedia/commons/thumb/0/00/Cortical_Columns.jpg/960px-Cortical_Columns.jpg	Mammal Cortical Column Repetition
4	https://upload.wikimedia.org/wikipedia/commons/thumb/d/da/Tic-tac-toe-game-tree.svg/960px-Tic-tac-toe-game-tree.svg	Game Tree
4	https://upload.wikimedia.org/wikipedia/commons/thumb/d/d2/Pythagorean.svg/960px-Pythagorean.svg	Pythagorean
4	https://upload.wikimedia.org/wikipedia/commons/thumb/8/83/Prager_symmetrical_truss.jpg/960px-Prager_symmetrical_truss.jpg	Discrete optimum Prager truss (1977)
3	https://upload.wikimedia.org/wikipedia/commons/thumb/5/59/Rectangle2-area-is-bh.svg/960px-Rectangle2-area-is-bh.svg	Triangle Area
3	https://upload.wikimedia.org/wikipedia/commons/thumb/5/59/Houghton_univ_logo.png/960px-Houghton_univ_logo.png	Houghton University
3	https://upload.wikimedia.org/wikipedia/commons/thumb/2/24/LEGO_logo.svg/960px-LEGO_logo.svg	
3	https://upload.wikimedia.org/wikipedia/commons/thumb/2/2f/Google_2015_logo.svg/960px-Google_2015_logo.svg	
3	https://upload.wikimedia.org/wikipedia/commons/thumb/b/bf/Webb%27s_First_Deep_Field.jpg/960px-Webb%27s_First_Deep_Field.jpg	James Webb First Deep Field
3	https://upload.wikimedia.org/wikipedia/commons/thumb/7/73/Pale_Blue_Dot.png/960px-Pale_Blue_Dot.png	Pale Blue Dot
3	https://upload.wikimedia.org/wikipedia/commons/thumb/c/cd/Total_Solar_Eclipse_8-21-17.jpg/960px-Total_Solar_Eclipse_8-21-17.jpg	Solar Eclipse
3	https://upload.wikimedia.org/wikipedia/commons/thumb/9/9d/DFAexample.svg/960px-DFAexample.svg	DFA to accept string containing an even number of zeroes
3	https://upload.wikimedia.org/wikipedia/commons/thumb/a/a5/Multithreaded_process.svg/960px-Multithreaded_process.svg	Multi-threaded process,Process,Process with 2 threads
3	https://upload.wikimedia.org/wikipedia/commons/thumb/e/e5/Von_Neumann_Architecture.svg/960px-Von_Neumann_Architecture.svg	Von Neumann Architecture
3	https://upload.wikimedia.org/wikipedia/commons/thumb/8/8c/Standard_deviation_diagram.svg/960px-Standard_deviation_diagram.svg	Normal distribution,Stand Deviation Diagram,Standard Deviation
2	https://upload.wikimedia.org/wikipedia/commons/thumb/b/b7/3-bit_resolution_analog_comparison.png/960px-3-bit_resolution_analog_comparison.png	Analog to digital quantization
2	https://upload.wikimedia.org/wikipedia/commons/thumb/2/2a/JWST_spacecraft_model_3.png/960px-JWST_spacecraft_model_3.png	
2	https://upload.wikimedia.org/wikipedia/commons/thumb/3/3b/Google_Wifi_icon.png/960px-Google_Wifi_icon.png	
2	https://upload.wikimedia.org/wikipedia/commons/thumb/5/5b/HTTP_logo.svg/960px-HTTP_logo.svg	HTTP Logo
2	https://upload.wikimedia.org/wikipedia/commons/thumb/7/7c/Maslow%27s_Hierarchy_of_Needs_Diagram.png/960px-Maslow%27s_Hierarchy_of_Needs_Diagram.png	Needs
2	https://upload.wikimedia.org/wikipedia/commons/thumb/7/7a/Boxmodell-detail.png/960px-Boxmodell-detail.png	Box Model
2	https://upload.wikimedia.org/wikipedia/commons/thumb/a/a4/Testing_Pyramid.png/960px-Testing_Pyramid.png	Test Pyramid,Testing Pyramid
2	https://upload.wikimedia.org/wikipedia/commons/thumb/5/58/FortranCardPROJ039.agr.jpg/960px-FortranCardPROJ039.agr.jpg	Punch card with Fortran statement,Punched Card
2	https://upload.wikimedia.org/wikipedia/commons/thumb/0/0c/ComputerMemoryHierarchy.svg/960px-ComputerMemoryHierarchy.svg	Memory Hierarchy
2	https://upload.wikimedia.org/wikipedia/commons/thumb/d/d3/Call_stack_layout.svg/960px-Call_stack_layout.svg	Upward-growing call stack
2	https://upload.wikimedia.org/wikipedia/commons/thumb/2/21/Fivestagespipeline.png/960px-Fivestagespipeline.png	Classic MIPS Pipeline,Pipeline Example
2	https://upload.wikimedia.org/wikipedia/commons/thumb/6/6e/Virtual_memory.svg/960px-Virtual_memory.svg	Process Memory,Virtual Memory
2	https://upload.wikimedia.org/wikipedia/commons/thumb/d/dc/MMU_principle_updated.png/960px-MMU_principle_updated.png	MMU details,Virtual Memory System
2	https://upload.wikimedia.org/wikipedia/commons/thumb/f/f8/Laptop-hard-drive-exposed.jpg/960px-Laptop-hard-drive-exposed.jpg	Disk drive hardware,Laptop HDD
2	https://upload.wikimedia.org/wikipedia/commons/thumb/6/65/B-tree.svg/960px-B-tree.svg	B-tree,Example B-tree
2	https://upload.wikimedia.org/wikipedia/commons/thumb/9/99/Neural_network_example.svg/960px-Neural_network_example.svg	Artificial Neural Network
2	https://upload.wikimedia.org/wikipedia/commons/thumb/8/82/Huffman_tree_2.svg/960px-Huffman_tree_2.svg	"""this is an example of a Huffman tree"",Huffman tree example"
2	https://upload.wikimedia.org/wikipedia/commons/thumb/b/b5/Recurrent_neural_network_unfold.svg/960px-Recurrent_neural_network_unfold.svg	RNN,Recurrent Neural Network
2	https://upload.wikimedia.org/wikipedia/commons/thumb/0/0a/Intel_i9-14900KF_CPU.jpg/960px-Intel_i9-14900KF_CPU.jpg	CPU,Intel Core i9
2	https://upload.wikimedia.org/wikipedia/commons/thumb/1/1a/2023_Dysk_SSD_Patriot_P210_2TB.jpg/960px-2023_Dysk_SSD_Patriot_P210_2TB.jpg	SATA SSD,SSD or Hard Drive (Non-volatile storage)
2	https://upload.wikimedia.org/wikipedia/commons/thumb/b/b7/Computer-motherboard.jpg/960px-Computer-motherboard.jpg	Motherboard
2	https://upload.wikimedia.org/wikipedia/commons/thumb/f/f6/SQL_Join_-_01_A_Left_Join_B.svg/960px-SQL_Join_-_01_A_Left_Join_B.svg	Left outer join diagram,Outer join diagram
2	https://upload.wikimedia.org/wikipedia/commons/thumb/8/88/Logistic-curve.svg/960px-Logistic-curve.svg	Logistic Function
2	https://upload.wikimedia.org/wikipedia/commons/thumb/6/6d/Exam_pass_logistic_curve.jpeg/960px-Exam_pass_logistic_curve.jpeg	Logistic Regression Example
2	https://upload.wikimedia.org/wikipedia/commons/thumb/b/b8/VC2.svg/960px-VC2.svg	Linearly separable
2	https://upload.wikimedia.org/wikipedia/commons/thumb/3/37/VC4.svg/960px-VC4.svg	Not linearly separable
2	https://upload.wikimedia.org/wikipedia/commons/thumb/2/23/Dijkstras_progress_animation.gif/960px-Dijkstras_progress_animation.gif	A* with 0 heuristic (uniform cost search),Shortest path example
2	https://upload.wikimedia.org/wikipedia/commons/thumb/c/c6/R-S_mk2.gif/960px-R-S_mk2.gif	SR Latch
2	https://upload.wikimedia.org/wikipedia/commons/thumb/d/d2/Float_example.svg/960px-Float_example.svg	IEEE 754 Diagram,IEEE Floating Point Example
2	https://upload.wikimedia.org/wikipedia/commons/thumb/2/2f/Priv_rings.svg/960px-Priv_rings.svg	4-layer protection ring scheme,Protection Rings
2	https://upload.wikimedia.org/wikipedia/commons/thumb/6/68/Computer_system_bus.svg/960px-Computer_system_bus.svg	System Bus,System Bus with I/O
1	https://upload.wikimedia.org/wikipedia/commons/thumb/1/1a/Lego_dimensions.svg/960px-Lego_dimensions.svg	Brick Dimensions
1	https://upload.wikimedia.org/wikipedia/commons/thumb/8/8b/Chimney_Rock_segment_of_the_Crooked_Wild_and_Scenic_River_%2828099338711%29.jpg/960px-Chimney_Rock_segment_of_the_Crooked_Wild_and_Scenic_River_%2828099338711%29.jpg	Disrupted Flow
1	https://upload.wikimedia.org/wikipedia/commons/thumb/e/e9/Felis_silvestris_silvestris_small_gradual_decrease_of_quality.png/960px-Felis_silvestris_silvestris_small_gradual_decrease_of_quality.png	Impact of quantizer
1	https://upload.wikimedia.org/wikipedia/commons/thumb/c/c7/Solar_eclipse_1999_4.jpg/960px-Solar_eclipse_1999_4.jpg	
1	https://upload.wikimedia.org/wikipedia/commons/thumb/7/71/Black-headed_weaver_%28Ploceus_cucullatus_bohndorffi%29_male_nest_building.jpg/960px-Black-headed_weaver_%28Ploceus_cucullatus_bohndorffi%29_male_nest_building.jpg	Skill
1	https://upload.wikimedia.org/wikipedia/commons/thumb/c/cc/Mars-human-exploration-art-astronauts-vehicle-dust-full.jpg/960px-Mars-human-exploration-art-astronauts-vehicle-dust-full.jpg	Human Exploration Concept
1	https://upload.wikimedia.org/wikipedia/commons/thumb/5/57/JPL_Visions_of_the_Future%2C_Mars.jpg/960px-JPL_Visions_of_the_Future%2C_Mars.jpg	Visions of the Future
1	https://upload.wikimedia.org/wikipedia/commons/thumb/c/ce/The_different_types_of_JavaScript_functions_explained.webm/960px-The_different_types_of_JavaScript_functions_explained.webm	Function Types
1	https://upload.wikimedia.org/wikipedia/commons/thumb/8/86/Anderson_University_Campus.jpg/960px-Anderson_University_Campus.jpg	Campus View
1	https://upload.wikimedia.org/wikipedia/commons/thumb/d/d7/Daucus_carota_2025-07-23-1.jpg/960px-Daucus_carota_2025-07-23-1.jpg	Wild Carrot Flowers
1	https://upload.wikimedia.org/wikipedia/commons/thumb/b/b5/Carrot_seeds_in_Uzbekistan.JPG/960px-Carrot_seeds_in_Uzbekistan.JPG	Carrot Seeds
1	https://upload.wikimedia.org/wikipedia/commons/thumb/4/4b/Carrot_Farm%2C_Inverarity_-_geograph.org.uk_-_1096187.jpg/960px-Carrot_Farm%2C_Inverarity_-_geograph.org.uk_-_1096187.jpg	Carrot Farm
1	https://upload.wikimedia.org/wikipedia/commons/thumb/9/9e/Carrot_harvesting.jpg/960px-Carrot_harvesting.jpg	Newly Harvested Carrots
1	https://upload.wikimedia.org/wikipedia/commons/thumb/9/93/ASA-LIFT_carrot_harvester.jpg/960px-ASA-LIFT_carrot_harvester.jpg	Carrot Harvester
1	https://upload.wikimedia.org/wikipedia/commons/thumb/1/15/Apple_blossoms.jpg/960px-Apple_blossoms.jpg	Apple blossom
1	https://upload.wikimedia.org/wikipedia/commons/thumb/d/d5/Adelaide_%28AU%29%2C_Barr_Smith_Library_--_2019_--_0677.jpg/960px-Adelaide_%28AU%29%2C_Barr_Smith_Library_--_2019_--_0677.jpg	University Library
1	https://upload.wikimedia.org/wikipedia/commons/thumb/6/60/Classroom_of_the_future.jpg/960px-Classroom_of_the_future.jpg	Future Classroom
1	https://upload.wikimedia.org/wikipedia/commons/thumb/7/7e/NOTRE_DAM_du_SABLON-BRUSSELS-Dr._Murali_Mohan_Gurram_%285%29.jpg/960px-NOTRE_DAM_du_SABLON-BRUSSELS-Dr._Murali_Mohan_Gurram_%285%29.jpg	Ecclesiastical Architecture
1	https://upload.wikimedia.org/wikipedia/commons/thumb/f/f6/HAL9000.svg/960px-HAL9000.svg	HAL 9000
1	https://upload.wikimedia.org/wikipedia/commons/thumb/b/b9/Terminator_silueta.svg/960px-Terminator_silueta.svg	T-800
1	https://upload.wikimedia.org/wikipedia/commons/thumb/0/05/Robot_icon.svg/960px-Robot_icon.svg	Robot
1	https://upload.wikimedia.org/wikipedia/commons/thumb/4/42/Love_Heart_SVG.svg/960px-Love_Heart_SVG.svg	Care
1	https://upload.wikimedia.org/wikipedia/commons/thumb/4/47/Eagle_Nebula_M16_and_Comet_C2025_R2_SWAN.png/960px-Eagle_Nebula_M16_and_Comet_C2025_R2_SWAN.png	Nebula
1	https://upload.wikimedia.org/wikipedia/commons/thumb/7/70/AI_benchmark_results_compared_to_humans.svg/960px-AI_benchmark_results_compared_to_humans.svg	25 Years of AI Improvement
1	https://upload.wikimedia.org/wikipedia/commons/thumb/6/63/Test_scores_of_AI_systems_on_various_capabilities_relative_to_human_performance_-_Our_World_in_Data.png/960px-Test_scores_of_AI_systems_on_various_capabilities_relative_to_human_performance_-_Our_World_in_Data.png	25 Years of AI Improvement
1	https://upload.wikimedia.org/wikipedia/commons/thumb/c/c4/IP_stack_connections.svg/960px-IP_stack_connections.svg	Web and Internet
1	https://upload.wikimedia.org/wikipedia/commons/thumb/b/b2/Checklist-icon.svg/960px-Checklist-icon.svg	Todo List
1	https://upload.wikimedia.org/wikipedia/commons/thumb/e/e2/Waterfall_model.svg/960px-Waterfall_model.svg	Waterfall
1	https://upload.wikimedia.org/wikipedia/commons/thumb/8/84/Extreme_Programming.svg/960px-Extreme_Programming.svg	Feedback loops in XP
1	https://upload.wikimedia.org/wikipedia/commons/thumb/c/c8/OpenPlanRedBalloon1.jpg/960px-OpenPlanRedBalloon1.jpg	open workspace
1	https://upload.wikimedia.org/wikipedia/commons/thumb/9/92/Photographs_of_%C3%89glise_Saint-Thomas-d%27Aquin%2C_Qu%C3%A9bec%2C_Canada_02.jpg/960px-Photographs_of_%C3%89glise_Saint-Thomas-d%27Aquin%2C_Qu%C3%A9bec%2C_Canada_02.jpg	Hymnal
1	https://upload.wikimedia.org/wikipedia/commons/thumb/c/cf/Diagram_for_the_computation_of_Bernoulli_numbers.jpg/960px-Diagram_for_the_computation_of_Bernoulli_numbers.jpg	First computer program? (Ada Lovelace, 1840)
1	https://upload.wikimedia.org/wikipedia/commons/thumb/7/7a/Wartime_picture_of_a_Bletchley_Park_Bombe.jpg/960px-Wartime_picture_of_a_Bletchley_Park_Bombe.jpg	A Bombe used for Enigma decryption
1	https://upload.wikimedia.org/wikipedia/commons/thumb/3/3b/Two_women_operating_ENIAC.gif/960px-Two_women_operating_ENIAC.gif	ENIAC - first general purpose computer
1	https://upload.wikimedia.org/wikipedia/commons/thumb/c/cc/Compiler_design.svg/960px-Compiler_design.svg	Three stage compiler architecture
1	https://upload.wikimedia.org/wikipedia/commons/thumb/6/61/Ideal_projectile_motion_for_different_angles.svg/960px-Ideal_projectile_motion_for_different_angles.svg	Projectile motion example
1	https://upload.wikimedia.org/wikipedia/commons/thumb/a/a9/%DA%86%D8%B1%D8%AA%DA%A9%D9%87_%DA%98%D8%A7%D9%BE%D9%86%DB%8C.jpg/960px-%DA%86%D8%B1%D8%AA%DA%A9%D9%87_%DA%98%D8%A7%D9%BE%D9%86%DB%8C.jpg	Soroban
1	https://upload.wikimedia.org/wikipedia/commons/thumb/b/b4/Lifo_stack.png/960px-Lifo_stack.png	Stack Operations
1	https://upload.wikimedia.org/wikipedia/commons/thumb/4/48/Debian_Unstable_GRUB2_%282015%29.png/960px-Debian_Unstable_GRUB2_%282015%29.png	GRUB OS Selection
1	https://upload.wikimedia.org/wikipedia/commons/thumb/3/35/AMD_Threadripper.svg/960px-AMD_Threadripper.svg	AMD Threadripper CPU
1	https://upload.wikimedia.org/wikipedia/commons/thumb/3/3f/EDF_Example_Timing_Diagram.png/960px-EDF_Example_Timing_Diagram.png	Example schedule
1	https://upload.wikimedia.org/wikipedia/commons/thumb/7/78/Race_condition.svg/960px-Race_condition.svg	Race condition in a circuit
1	https://upload.wikimedia.org/wikipedia/commons/thumb/8/8e/X86_Paging_4K.svg/960px-X86_Paging_4K.svg	x86 two-level page table
1	https://upload.wikimedia.org/wikipedia/commons/thumb/0/0d/X86_Paging_PAE_4K.svg/960px-X86_Paging_PAE_4K.svg	x86 PAE Three-level page table
1	https://upload.wikimedia.org/wikipedia/commons/thumb/5/50/Program_memory_layout.pdf/960px-Program_memory_layout.pdf	Process Memory Layout
1	https://upload.wikimedia.org/wikipedia/commons/thumb/7/7d/Hash_table_3_1_1_0_1_0_0_SP.svg/960px-Hash_table_3_1_1_0_1_0_0_SP.svg	Hash Table
1	https://upload.wikimedia.org/wikipedia/commons/thumb/3/37/Bplustree.png/960px-Bplustree.png	B+-Tree
1	https://upload.wikimedia.org/wikipedia/commons/thumb/7/78/SAS_Container.png/960px-SAS_Container.png	Two-person concept
1	https://upload.wikimedia.org/wikipedia/commons/thumb/8/8f/SecureID_token_new.JPG/960px-SecureID_token_new.JPG	MFA token
1	https://upload.wikimedia.org/wikipedia/commons/thumb/7/7b/An_illustration_of_the_dining_philosophers_problem.png/960px-An_illustration_of_the_dining_philosophers_problem.png	Dining Philosopers
1	https://upload.wikimedia.org/wikipedia/commons/thumb/8/8e/Diamond_inheritance.svg/960px-Diamond_inheritance.svg	Diamond Problem
1	https://upload.wikimedia.org/wikipedia/commons/thumb/4/41/BankAccount1.svg/960px-BankAccount1.svg	Class Diagram
1	https://upload.wikimedia.org/wikipedia/commons/thumb/e/e7/Activity_conducting.svg/960px-Activity_conducting.svg	Activity Diagram
1	https://upload.wikimedia.org/wikipedia/commons/thumb/1/1d/Use_case_restaurant_model.svg/960px-Use_case_restaurant_model.svg	Use Case Diagram
1	https://upload.wikimedia.org/wikipedia/commons/thumb/a/a0/MVC-Process.svg/960px-MVC-Process.svg	Model-View-Controller Paradigm
1	https://upload.wikimedia.org/wikipedia/commons/thumb/1/13/Wojna_gra_karciana.jpg/960px-Wojna_gra_karciana.jpg	cards
1	https://upload.wikimedia.org/wikipedia/commons/thumb/6/61/IBM_System_Z9_%28type_2094_inside%29.jpg/960px-IBM_System_Z9_%28type_2094_inside%29.jpg	mainframe
1	https://upload.wikimedia.org/wikipedia/commons/thumb/7/72/HP_Laserjet_5_DN_1.jpg/960px-HP_Laserjet_5_DN_1.jpg	printer
1	https://upload.wikimedia.org/wikipedia/commons/thumb/c/c9/Client-server-model.svg/960px-Client-server-model.svg	Client-server model
1	https://upload.wikimedia.org/wikipedia/commons/thumb/6/69/SMTP-transfer-model.svg/960px-SMTP-transfer-model.svg	Email
1	https://upload.wikimedia.org/wikipedia/commons/thumb/f/f6/Amtrak_network_map_2016.png/960px-Amtrak_network_map_2016.png	US Rail network
1	https://upload.wikimedia.org/wikipedia/commons/thumb/f/f2/White_Matter_Connections_Obtained_with_MRI_Tractography.png/960px-White_Matter_Connections_Obtained_with_MRI_Tractography.png	Human brain connectome
1	https://upload.wikimedia.org/wikipedia/commons/thumb/6/6f/Multiplexing_diagram.svg/960px-Multiplexing_diagram.svg	Multiplexing multiple flows over one link
1	https://upload.wikimedia.org/wikipedia/commons/thumb/e/e0/Telephony_multiplexer_system.gif/960px-Telephony_multiplexer_system.gif	Synchronous Time-division multiplexing (STDM)
1	https://upload.wikimedia.org/wikipedia/commons/thumb/7/72/Fourier_transform_time_and_frequency_domains_%28small%29.gif/960px-Fourier_transform_time_and_frequency_domains_%28small%29.gif	Fourier Series
1	https://upload.wikimedia.org/wikipedia/commons/thumb/9/90/QAM16_Demonstration.gif/960px-QAM16_Demonstration.gif	QAM Example
1	https://upload.wikimedia.org/wikipedia/commons/thumb/3/35/Pure_ALOHA1.svg/960px-Pure_ALOHA1.svg	Pure ALOHA collisions
1	https://upload.wikimedia.org/wikipedia/commons/thumb/7/7a/Slotted_ALOHA.svg/960px-Slotted_ALOHA.svg	Slotted Aloha
1	https://upload.wikimedia.org/wikipedia/commons/thumb/a/a5/Aloha_PureVsSlotted.svg/960px-Aloha_PureVsSlotted.svg	Pure vs Slotted Efficiency
1	https://upload.wikimedia.org/wikipedia/commons/thumb/2/25/Electromagnetic-Spectrum.svg/960px-Electromagnetic-Spectrum.svg	EM Spectrum
1	https://upload.wikimedia.org/wikipedia/commons/thumb/e/ee/Frequency_reuse.svg/960px-Frequency_reuse.svg	Frequency Reuse
1	https://upload.wikimedia.org/wikipedia/commons/thumb/5/57/CellTowersAtCorners.gif/960px-CellTowersAtCorners.gif	Frequency Reuse with Directional Antennas
1	https://upload.wikimedia.org/wikipedia/commons/thumb/e/e4/DHCP_session.svg/960px-DHCP_session.svg	DHCP Example
1	https://upload.wikimedia.org/wikipedia/commons/thumb/e/ef/Pluto_in_True_Color_-_High-Res.jpg/960px-Pluto_in_True_Color_-_High-Res.jpg	Pluto on July 14, 2015
1	https://upload.wikimedia.org/wikipedia/commons/thumb/e/e4/Goldstone_DSN_antenna.jpg/960px-Goldstone_DSN_antenna.jpg	70m antenna at Goldstone, CA
1	https://upload.wikimedia.org/wikipedia/commons/thumb/6/67/Reverse_proxy_h2g2bob.svg/960px-Reverse_proxy_h2g2bob.svg	Reverse proxy
1	https://upload.wikimedia.org/wikipedia/commons/thumb/2/2b/Pixel-example.png/960px-Pixel-example.png	Pixel
1	https://upload.wikimedia.org/wikipedia/commons/thumb/6/63/Dct-table.png/960px-Dct-table.png	DCT Table
1	https://upload.wikimedia.org/wikipedia/commons/thumb/5/5e/Idct-animation.gif/960px-Idct-animation.gif	Iterative DCT for capital letter A
1	https://upload.wikimedia.org/wikipedia/commons/thumb/a/aa/Lcars_wallpaper.gif/960px-Lcars_wallpaper.gif	Star Trek LCARS Interface
1	https://upload.wikimedia.org/wikipedia/commons/thumb/b/b8/Beta-D-Gulopyranose_Molek%C3%BClbaukasten_9288.JPG/960px-Beta-D-Gulopyranose_Molek%C3%BClbaukasten_9288.JPG	Molecular Model
1	https://upload.wikimedia.org/wikipedia/commons/thumb/7/7a/Supply-and-demand.svg/960px-Supply-and-demand.svg	Supply and Demand Economic Model
1	https://upload.wikimedia.org/wikipedia/commons/thumb/7/76/Inner-product-angle.svg/960px-Inner-product-angle.svg	Vector Similarity
1	https://upload.wikimedia.org/wikipedia/commons/thumb/e/e6/THL32V1055BTG-6.jpg/960px-THL32V1055BTG-6.jpg	RAM (Volatile Memory)
1	https://upload.wikimedia.org/wikipedia/commons/thumb/7/76/MonitorLCDlcd.svg/960px-MonitorLCDlcd.svg	Monitor
1	https://upload.wikimedia.org/wikipedia/commons/thumb/a/a2/LenovoKeyboard.jpg/960px-LenovoKeyboard.jpg	Keyboard
1	https://upload.wikimedia.org/wikipedia/commons/thumb/2/22/3-Tasten-Maus_Microsoft.jpg/960px-3-Tasten-Maus_Microsoft.jpg	Mouse
1	https://upload.wikimedia.org/wikipedia/commons/thumb/9/9a/Z-puzzle.jpg/960px-Z-puzzle.jpg	
1	https://upload.wikimedia.org/wikipedia/commons/thumb/6/62/Risk_Dice_%2852664929856%29.jpg/960px-Risk_Dice_%2852664929856%29.jpg	
1	https://upload.wikimedia.org/wikipedia/commons/thumb/3/32/Lego_Color_Bricks.jpg/960px-Lego_Color_Bricks.jpg	
1	https://upload.wikimedia.org/wikipedia/commons/thumb/9/94/Photo_Bate%C5%BEo_Ka_Mikilu.JPG/960px-Photo_Bate%C5%BEo_Ka_Mikilu.JPG	
1	https://upload.wikimedia.org/wikipedia/commons/thumb/1/19/Hyperlinks_scheme.svg/960px-Hyperlinks_scheme.svg	World Wide Web
1	https://upload.wikimedia.org/wikipedia/commons/thumb/7/77/Wi-Fi.gif/960px-Wi-Fi.gif	Access point relaying a document
1	https://upload.wikimedia.org/wikipedia/commons/thumb/9/9d/Extended_Validation_on_Firefox_133_screenshot.webp/960px-Extended_Validation_on_Firefox_133_screenshot.webp	Security Verification in Firefox
1	https://upload.wikimedia.org/wikipedia/commons/thumb/7/73/Aircrack-ng_dictionary_attack.png/960px-Aircrack-ng_dictionary_attack.png	WiFi password cracking
1	https://upload.wikimedia.org/wikipedia/commons/thumb/d/d5/Rubber_duck_assisting_with_debugging.jpg/960px-Rubber_duck_assisting_with_debugging.jpg	Rubberducking
1	https://upload.wikimedia.org/wikipedia/commons/thumb/f/f6/Packet_Switching.gif/960px-Packet_Switching.gif	Routing
1	https://upload.wikimedia.org/wikipedia/commons/thumb/d/d9/Example_bank_phishing_email.svg/960px-Example_bank_phishing_email.svg	Phishing Attempt
1	https://upload.wikimedia.org/wikipedia/commons/thumb/9/97/Conduit_Search_Screenshot.jpg/960px-Conduit_Search_Screenshot.jpg	Browser Hijack
1	https://upload.wikimedia.org/wikipedia/commons/thumb/2/2c/DarkComet2.png/960px-DarkComet2.png	Dark Comet RAT
1	https://upload.wikimedia.org/wikipedia/commons/thumb/7/7c/Relational_database_terms.svg/960px-Relational_database_terms.svg	Relational Database Terms
1	https://upload.wikimedia.org/wikipedia/commons/thumb/4/4e/Cartesian_Product_qtl1.svg/960px-Cartesian_Product_qtl1.svg	Cartesian Product
1	https://upload.wikimedia.org/wikipedia/commons/thumb/1/18/SQL_Join_-_07_A_Inner_Join_B.svg/960px-SQL_Join_-_07_A_Inner_Join_B.svg	Inner join diagram
1	https://upload.wikimedia.org/wikipedia/commons/thumb/5/5f/SQL_Join_-_03_A_Right_Join_B.svg/960px-SQL_Join_-_03_A_Right_Join_B.svg	Right outer join diagram
1	https://upload.wikimedia.org/wikipedia/commons/thumb/3/3d/SQL_Join_-_05b_A_Full_Join_B.svg/960px-SQL_Join_-_05b_A_Full_Join_B.svg	Full outer join diagram
1	https://upload.wikimedia.org/wikipedia/commons/thumb/d/d7/Mapping_table_concept.png/960px-Mapping_table_concept.png	Associative table example
1	https://upload.wikimedia.org/wikipedia/commons/thumb/d/da/Binary_search_tree.svg/960px-Binary_search_tree.svg	Binary Search Tree
1	https://upload.wikimedia.org/wikipedia/commons/thumb/5/56/Bsodwindows10.png/960px-Bsodwindows10.png	Blue Screen of Death
1	https://upload.wikimedia.org/wikipedia/commons/thumb/c/ca/Wikimedia_Foundation_Servers_2015-90.jpg/960px-Wikimedia_Foundation_Servers_2015-90.jpg	Racked Servers
1	https://upload.wikimedia.org/wikipedia/commons/thumb/b/b4/Summit_%28supercomputer%29.jpg/960px-Summit_%28supercomputer%29.jpg	Summit Supercomputer (4,608 nodes)
1	https://upload.wikimedia.org/wikipedia/commons/thumb/8/8b/Moore%27s_Law_Transistor_Count_1971-2018.png/960px-Moore%27s_Law_Transistor_Count_1971-2018.png	CPU Transistor Count by Year
1	https://upload.wikimedia.org/wikipedia/commons/thumb/3/3b/Storage_replication.png/960px-Storage_replication.png	Replication
1	https://upload.wikimedia.org/wikipedia/commons/thumb/f/fa/LAMPP_Architecture.png/960px-LAMPP_Architecture.png	LAMP Stack
1	https://upload.wikimedia.org/wikipedia/commons/thumb/d/d8/Wikimedia-servers-2010-12-28.svg/960px-Wikimedia-servers-2010-12-28.svg	Wikimedia Architecture
1	https://upload.wikimedia.org/wikipedia/commons/thumb/3/33/MaslowsHierarchyOfNeeds.svg/960px-MaslowsHierarchyOfNeeds.svg	Maslow's Hierarchy of Needs
1	https://upload.wikimedia.org/wikipedia/commons/thumb/e/e7/KnnClassification.svg/960px-KnnClassification.svg	Different results for k=3 and k=5
1	https://upload.wikimedia.org/wikipedia/commons/thumb/e/e0/NewtonIteration_Ani.gif/960px-NewtonIteration_Ani.gif	Newton's Method
1	https://upload.wikimedia.org/wikipedia/commons/thumb/4/48/DecisionCalcs.jpg/960px-DecisionCalcs.jpg	Decision Tree
1	https://upload.wikimedia.org/wikipedia/commons/thumb/1/1d/Marginoferror95.PNG/960px-Marginoferror95.PNG	MOSE for different sample sizes at 95% confidence interval
1	https://upload.wikimedia.org/wikipedia/commons/thumb/b/b5/K-fold_cross_validation_EN.svg/960px-K-fold_cross_validation_EN.svg	k-fold cross-validation
1	https://upload.wikimedia.org/wikipedia/commons/thumb/7/76/Apple_Newton_and_iPhone.jpg/960px-Apple_Newton_and_iPhone.jpg	Apple Newton - First DPA with Handwriting Recognition (1993)
1	https://upload.wikimedia.org/wikipedia/commons/thumb/c/c8/Ensemble_Bagging.svg/960px-Ensemble_Bagging.svg	Bagging
1	https://upload.wikimedia.org/wikipedia/commons/thumb/b/b5/Ensemble_Boosting.svg/960px-Ensemble_Boosting.svg	Boosting
1	https://upload.wikimedia.org/wikipedia/commons/thumb/e/ec/Anscombe%27s_quartet_3.svg/960px-Anscombe%27s_quartet_3.svg	Anscombe's Quartet
1	https://upload.wikimedia.org/wikipedia/commons/thumb/a/af/Linearly_separable_red-blue_cropped_.svg/960px-Linearly_separable_red-blue_cropped_.svg	Linear Seprarability
1	https://upload.wikimedia.org/wikipedia/commons/thumb/5/55/Box-Plot_mit_Min-Max_Abstand.png/960px-Box-Plot_mit_Min-Max_Abstand.png	Uncapped boxplot
1	https://upload.wikimedia.org/wikipedia/commons/thumb/2/2b/Box-Plot_mit_Interquartilsabstand.png/960px-Box-Plot_mit_Interquartilsabstand.png	Capped boxplot with outliers
1	https://upload.wikimedia.org/wikipedia/commons/thumb/8/86/Coefficient_of_Determination.svg/960px-Coefficient_of_Determination.svg	$R^2 = 1 - \frac{\color{blue}{SS_\text{res}}}{\color{red}{SS_\text{tot}}}$
1	https://upload.wikimedia.org/wikipedia/commons/thumb/2/23/TTY33ASR.jpg/960px-TTY33ASR.jpg	Teletype
1	https://upload.wikimedia.org/wikipedia/commons/thumb/9/9f/DEC_VT100_terminal_transparent.png/960px-DEC_VT100_terminal_transparent.png	Computer Terminal
1	https://upload.wikimedia.org/wikipedia/commons/thumb/0/03/Turing_Machine_Model_Davey_2012.jpg/960px-Turing_Machine_Model_Davey_2012.jpg	Example machine
1	https://upload.wikimedia.org/wikipedia/commons/thumb/b/be/Turing_machine_from_Boolos_and_Jeffrey.JPG/960px-Turing_machine_from_Boolos_and_Jeffrey.JPG	Alternate representation
1	https://upload.wikimedia.org/wikipedia/commons/thumb/4/41/Sistema_hipertextual.jpg/960px-Sistema_hipertextual.jpg	Hyperlinked documents
1	https://upload.wikimedia.org/wikipedia/commons/thumb/e/e4/Pair32mbEDO-DRAMdimms.jpg/960px-Pair32mbEDO-DRAMdimms.jpg	DRAM
1	https://upload.wikimedia.org/wikipedia/commons/thumb/c/cf/HDD_Startup_and_Shutdown.webm/960px-HDD_Startup_and_Shutdown.webm	HDD in Operation
1	https://upload.wikimedia.org/wikipedia/commons/thumb/1/1b/Intel_525_mSATA_SSD.jpg/960px-Intel_525_mSATA_SSD.jpg	mSATA SSD
1	https://upload.wikimedia.org/wikipedia/commons/thumb/5/55/SSD_Samsung_960_PRO_512GB_-_front_and_back_-_2018-05-27.jpg/960px-SSD_Samsung_960_PRO_512GB_-_front_and_back_-_2018-05-27.jpg	NVMe SSD
1	https://upload.wikimedia.org/wikipedia/commons/thumb/6/66/NAMA_Machine_d%27Anticyth%C3%A8re_1.jpg/960px-NAMA_Machine_d%27Anticyth%C3%A8re_1.jpg	Antikythera mechanism
1	https://upload.wikimedia.org/wikipedia/commons/thumb/7/76/Antikythera_model_front_panel_Mogi_Vicentini_2007.JPG/960px-Antikythera_model_front_panel_Mogi_Vicentini_2007.JPG	Model
1	https://upload.wikimedia.org/wikipedia/commons/thumb/b/b8/Bp_station_zanesville_ohio.jpg/960px-Bp_station_zanesville_ohio.jpg	A gas station
1	https://upload.wikimedia.org/wikipedia/commons/thumb/8/8c/Title_page_William_Shakespeare%27s_First_Folio_1623.jpg/960px-Title_page_William_Shakespeare%27s_First_Folio_1623.jpg	Book
1	https://upload.wikimedia.org/wikipedia/commons/thumb/3/3f/IntelligentAgent-SimpleReflex.png/960px-IntelligentAgent-SimpleReflex.png	Agent environment diagram
1	https://upload.wikimedia.org/wikipedia/commons/thumb/8/8f/Digesting_Duck.jpg/960px-Digesting_Duck.jpg	Vaucanson's duck
1	https://upload.wikimedia.org/wikipedia/commons/thumb/c/c6/Artificial_neuron_structure.svg/960px-Artificial_neuron_structure.svg	Artificial Neuron
1	https://upload.wikimedia.org/wikipedia/commons/thumb/7/7a/BackwardChaining_David_C_England_1990_p21.gif/960px-BackwardChaining_David_C_England_1990_p21.gif	Backward chaining
1	https://upload.wikimedia.org/wikipedia/commons/thumb/7/79/ELIZA_conversation.png/960px-ELIZA_conversation.png	ELIZA
1	https://upload.wikimedia.org/wikipedia/commons/thumb/5/57/Dijkstra_Animation.gif/960px-Dijkstra_Animation.gif	Dijkstra's Algorithm
1	https://upload.wikimedia.org/wikipedia/commons/thumb/5/5d/Astar_progress_animation.gif/960px-Astar_progress_animation.gif	A* with admissible heuristic
1	https://upload.wikimedia.org/wikipedia/commons/thumb/8/85/Weighted_A_star_with_eps_5.gif/960px-Weighted_A_star_with_eps_5.gif	A* with inadmissible heuristic
1	https://upload.wikimedia.org/wikipedia/commons/thumb/8/88/Maze_simple.svg/960px-Maze_simple.svg	Maze
1	https://upload.wikimedia.org/wikipedia/commons/thumb/3/3b/Shortest_path_with_direct_weights.svg/960px-Shortest_path_with_direct_weights.svg	Shortest Path From A to F
1	https://upload.wikimedia.org/wikipedia/commons/thumb/6/6f/Minimax.svg/960px-Minimax.svg	Minimax tree example
1	https://upload.wikimedia.org/wikipedia/commons/thumb/9/91/AB_pruning.svg/960px-AB_pruning.svg	Alpha-beta Pruning
1	https://upload.wikimedia.org/wikipedia/commons/thumb/9/9f/Fineart_vs_Golaxy.gif/960px-Fineart_vs_Golaxy.gif	Example Go Game
1	https://upload.wikimedia.org/wikipedia/commons/thumb/3/35/LeNet-5_architecture.svg/960px-LeNet-5_architecture.svg	LeNet Architecture
1	https://upload.wikimedia.org/wikipedia/commons/thumb/a/a9/AlexNet_Original_block_diagram.svg/960px-AlexNet_Original_block_diagram.svg	AlexNet Architecture
1	https://upload.wikimedia.org/wikipedia/commons/thumb/b/ba/ResBlock.png/960px-ResBlock.png	ResNet Block
1	https://upload.wikimedia.org/wikipedia/commons/thumb/3/34/Transformer%2C_full_architecture.png/960px-Transformer%2C_full_architecture.png	Transformer Block
1	https://upload.wikimedia.org/wikipedia/commons/thumb/9/92/Perseverance_Landing_Skycrane.jpg/960px-Perseverance_Landing_Skycrane.jpg	Landing
1	https://upload.wikimedia.org/wikipedia/commons/thumb/9/98/Diagram_of_the_perseverance_rover-instruments.jpg/960px-Diagram_of_the_perseverance_rover-instruments.jpg	Rover equipment
1	https://upload.wikimedia.org/wikipedia/commons/thumb/d/d6/Perseverance%27s_First_Full-Color_Look_at_Mars.png/960px-Perseverance%27s_First_Full-Color_Look_at_Mars.png	First color image from surface
1	https://upload.wikimedia.org/wikipedia/commons/thumb/3/34/Animation_of_Mars_2020%27s_trajectory_around_Sun.gif/960px-Animation_of_Mars_2020%27s_trajectory_around_Sun.gif	Mars flight path
1	https://upload.wikimedia.org/wikipedia/commons/thumb/5/59/MarsPerseveranceRover-Location-20210218.jpg/960px-MarsPerseveranceRover-Location-20210218.jpg	Jezero crater
1	https://upload.wikimedia.org/wikipedia/commons/thumb/a/ae/Datamodel_in_Wikidata.svg/960px-Datamodel_in_Wikidata.svg	Data Model
1	https://upload.wikimedia.org/wikipedia/commons/thumb/1/12/Dice_Distribution_%28bar%29.svg/960px-Dice_Distribution_%28bar%29.svg	Two Dice Probabilities
1	https://upload.wikimedia.org/wikipedia/commons/thumb/9/9b/Conditional_probability.svg/960px-Conditional_probability.svg	Euler diagram of probabilities
1	https://upload.wikimedia.org/wikipedia/commons/thumb/f/f5/Pumping-Lemma_xyz_svg.svg/960px-Pumping-Lemma_xyz_svg.svg	Pumping Lemma for Regular Languages
1	https://upload.wikimedia.org/wikipedia/commons/thumb/9/9b/Bottom-up_Parse_Tree_Order.svg/960px-Bottom-up_Parse_Tree_Order.svg	Bottom-up parse
1	https://upload.wikimedia.org/wikipedia/commons/thumb/5/55/Turing_test_diagram.png/960px-Turing_test_diagram.png	Turing Test
1	https://upload.wikimedia.org/wikipedia/commons/thumb/9/95/Vector_from_A_to_B.svg/960px-Vector_from_A_to_B.svg	Vector from A to B
1	https://upload.wikimedia.org/wikipedia/commons/thumb/f/fd/3D_Vector.svg/960px-3D_Vector.svg	Vector Components
1	https://upload.wikimedia.org/wikipedia/commons/thumb/f/f4/3d_two_bases_same_vector.svg/960px-3d_two_bases_same_vector.svg	Change of Basis
1	https://upload.wikimedia.org/wikipedia/commons/thumb/2/28/Vector_addition.svg/960px-Vector_addition.svg	Vector Addition
1	https://upload.wikimedia.org/wikipedia/commons/thumb/f/fa/Scalar_multiplication_by_r%3D3.svg/960px-Scalar_multiplication_by_r%3D3.svg	Scalar multiplication
1	https://upload.wikimedia.org/wikipedia/commons/thumb/8/88/SpaCy_logo.svg/960px-SpaCy_logo.svg	spaCy
1	https://upload.wikimedia.org/wikipedia/commons/thumb/2/27/MnistExamples.png/960px-MnistExamples.png	MNIST Sample
1	https://upload.wikimedia.org/wikipedia/commons/thumb/3/3b/Computer_vision_sample_in_Sim%C3%B3n_Bolivar_Avenue%2C_Quito.jpg/960px-Computer_vision_sample_in_Sim%C3%B3n_Bolivar_Avenue%2C_Quito.jpg	Object Detection
1	https://upload.wikimedia.org/wikipedia/commons/thumb/a/a3/DALL-E_sample.png/960px-DALL-E_sample.png	giraffe dragon chimera
1	https://upload.wikimedia.org/wikipedia/commons/thumb/c/c9/Heaviside.png/960px-Heaviside.png	Heaviside function
1	https://upload.wikimedia.org/wikipedia/commons/thumb/f/ff/Gradient_descent.svg/960px-Gradient_descent.svg	Gradient descent in 2 dimension
1	https://upload.wikimedia.org/wikipedia/commons/thumb/5/52/Conceptual_Diagram_-_Example.svg/960px-Conceptual_Diagram_-_Example.svg	Example
1	https://upload.wikimedia.org/wikipedia/commons/thumb/1/1b/Tic-tac-toe-game-1.svg/960px-Tic-tac-toe-game-1.svg	Move sequence
1	https://upload.wikimedia.org/wikipedia/commons/thumb/9/91/Transistor_Simple_Circuit_Diagram_with_NPN_Labels.svg/960px-Transistor_Simple_Circuit_Diagram_with_NPN_Labels.svg	BJT Transistor
1	https://upload.wikimedia.org/wikipedia/commons/thumb/6/60/NOT_ANSI_Labelled.svg/960px-NOT_ANSI_Labelled.svg	Not Gate
1	https://upload.wikimedia.org/wikipedia/commons/thumb/b/b9/AND_ANSI_Labelled.svg/960px-AND_ANSI_Labelled.svg	And Gate
1	https://upload.wikimedia.org/wikipedia/commons/thumb/1/16/OR_ANSI_Labelled.svg/960px-OR_ANSI_Labelled.svg	Or Gate
1	https://upload.wikimedia.org/wikipedia/commons/thumb/c/c6/NOR_ANSI_Labelled.svg/960px-NOR_ANSI_Labelled.svg	Nor Gate
1	https://upload.wikimedia.org/wikipedia/commons/thumb/e/e6/NAND_ANSI_Labelled.svg/960px-NAND_ANSI_Labelled.svg	Nand Gate
1	https://upload.wikimedia.org/wikipedia/commons/thumb/c/c6/TexasInstruments_7400_chip%2C_view_and_element_placement.jpg/960px-TexasInstruments_7400_chip%2C_view_and_element_placement.jpg	7400 Series Quad Nand Gate
1	https://upload.wikimedia.org/wikipedia/commons/thumb/4/4f/ASCII_Code_Chart.svg/960px-ASCII_Code_Chart.svg	ASCII Code Chart
1	https://upload.wikimedia.org/wikipedia/commons/thumb/7/75/Binary_counter.gif/960px-Binary_counter.gif	Counting to 31 in binary
1	https://upload.wikimedia.org/wikipedia/commons/thumb/5/53/Odometer_rollover.jpg/960px-Odometer_rollover.jpg	Odometer Overflow
1	https://upload.wikimedia.org/wikipedia/commons/thumb/5/54/Big-Endian.svg/960px-Big-Endian.svg	Big Endian
1	https://upload.wikimedia.org/wikipedia/commons/thumb/e/ed/Little-Endian.svg/960px-Little-Endian.svg	Little Endian
1	https://upload.wikimedia.org/wikipedia/commons/thumb/2/2a/Mips32_addi.svg/960px-Mips32_addi.svg	MIPS addi instruction
1	https://upload.wikimedia.org/wikipedia/commons/thumb/c/cb/Pipeline%2C_4_stage.svg/960px-Pipeline%2C_4_stage.svg	Full pipeline
1	https://upload.wikimedia.org/wikipedia/commons/thumb/6/67/Pipeline%2C_4_stage_with_bubble.svg/960px-Pipeline%2C_4_stage_with_bubble.svg	Pipeline stall addressed with bubble
1	https://upload.wikimedia.org/wikipedia/commons/thumb/d/d0/Data_Forwarding_%28Two_Stage%29.svg/960px-Data_Forwarding_%28Two_Stage%29.svg	Bubble insertion
1	https://upload.wikimedia.org/wikipedia/commons/thumb/9/97/Micro-operations.svg/960px-Micro-operations.svg	micro-ops
1	https://upload.wikimedia.org/wikipedia/commons/thumb/0/00/Moore%27s_Law_Transistor_Count_1970-2020.png/960px-Moore%27s_Law_Transistor_Count_1970-2020.png	Moore's Law
1	https://upload.wikimedia.org/wikipedia/commons/thumb/d/da/KL_CoreMemory.jpg/960px-KL_CoreMemory.jpg	Core Memory
1	https://upload.wikimedia.org/wikipedia/commons/thumb/c/c9/StorageTek_Powderhorn_tape_library.jpg/960px-StorageTek_Powderhorn_tape_library.jpg	Tape library for nearline storage
1	https://upload.wikimedia.org/wikipedia/commons/thumb/8/8b/ST_Microelectronics_M27C256B_%282006%29.jpg/960px-ST_Microelectronics_M27C256B_%282006%29.jpg	UV erasable EPROM
1	https://upload.wikimedia.org/wikipedia/commons/thumb/4/4c/Separate_unified.png/960px-Separate_unified.png	CPU Memories
1	https://upload.wikimedia.org/wikipedia/commons/thumb/3/32/Virtual_address_space_and_physical_address_space_relationship.svg/960px-Virtual_address_space_and_physical_address_space_relationship.svg	Page mapping
1	https://upload.wikimedia.org/wikipedia/commons/thumb/6/6e/Translation_Lookaside_Buffer.png/960px-Translation_Lookaside_Buffer.png	TLB Mapping Pages to Frames
1	https://upload.wikimedia.org/wikipedia/commons/thumb/9/93/Stack_Overflow_3.png/960px-Stack_Overflow_3.png	Stack
1	https://upload.wikimedia.org/wikipedia/commons/thumb/c/c3/Stack_Overflow_4.png/960px-Stack_Overflow_4.png	Buffer Overflow Setting Return Address
1	https://upload.wikimedia.org/wikipedia/commons/thumb/e/e8/Shared_private.png/960px-Shared_private.png	Cache Hierarchy
1	https://upload.wikimedia.org/wikipedia/commons/thumb/a/ab/Direct-Mapped_Cache_Snehal_Img.png/960px-Direct-Mapped_Cache_Snehal_Img.png	Direct Mapped
1	https://upload.wikimedia.org/wikipedia/commons/thumb/9/9c/Fully-Associative_Cache_Snehal_Img.png/960px-Fully-Associative_Cache_Snehal_Img.png	Fully Associative
1	https://upload.wikimedia.org/wikipedia/commons/thumb/7/71/Set-Associative_Cache_Snehal_Img.png/960px-Set-Associative_Cache_Snehal_Img.png	Set Associative
1	https://upload.wikimedia.org/wikipedia/commons/thumb/1/11/Cache%2Chierarchy-example.svg/960px-Cache%2Chierarchy-example.svg	AMD K8
1	https://upload.wikimedia.org/wikipedia/commons/thumb/b/b0/Rs232_oscilloscope_trace.svg/960px-Rs232_oscilloscope_trace.svg	"ASCII ""K"" in RS232"
1	https://upload.wikimedia.org/wikipedia/commons/thumb/e/e0/Parallel_port_pinouts.svg/960px-Parallel_port_pinouts.svg	Parallel port pinout
1	https://upload.wikimedia.org/wikipedia/commons/thumb/e/eb/Matrix_multiplication_diagram_2.svg/960px-Matrix_multiplication_diagram_2.svg	Matrix multiplication diagram
1	https://upload.wikimedia.org/wikipedia/commons/thumb/3/3e/PCI-E_%26_PCI_slots_on_DFI_LanParty_nF4_SLI-DR_20050531.jpg/960px-PCI-E_%26_PCI_slots_on_DFI_LanParty_nF4_SLI-DR_20050531.jpg	PCI Express slots
1	https://upload.wikimedia.org/wikipedia/commons/thumb/b/b2/Th%C3%A9%C3%A2tre_d%27Op%C3%A9ra_Spatial.webp/960px-Th%C3%A9%C3%A2tre_d%27Op%C3%A9ra_Spatial.webp	Théâtre d'Opéra Spatial
1	https://upload.wikimedia.org/wikipedia/commons/thumb/8/8f/The-Transformer-model-architecture.png/960px-The-Transformer-model-architecture.png	Transformer Architecture
